{
    "dc_per_class_pp_all": {
        "1": 0.8949013754813013,
        "10": 0.7649154867105463,
        "11": 0.681001636158125,
        "12": 0.4516370910918047,
        "13": 0.6933301747785703,
        "14": 0.0,
        "15": 0.0,
        "2": 0.7463158939973649,
        "3": 0.7191481245634672,
        "4": 0.7393695702164259,
        "5": 0.7590604570939802,
        "6": 0.9643506184447659,
        "7": 0.8268061660418616,
        "8": 0.9317535408502834,
        "9": 0.8508339082659069
    },
    "dc_per_class_pp_per_class": {
        "1": 0.9560165443328135,
        "10": 0.767119162846053,
        "11": 0.6817017240196797,
        "12": 0.6853536129760469,
        "13": 0.6837006077475097,
        "14": 0.8304206973973989,
        "15": 0.727470899827614,
        "2": 0.9298839211940853,
        "3": 0.9475702650593587,
        "4": 0.7435083862178989,
        "5": 0.7448577833339287,
        "6": 0.9646274560249304,
        "7": 0.8382263815348816,
        "8": 0.9317717472141429,
        "9": 0.8497430729127312
    },
    "dc_per_class_raw": {
        "1": 0.9556667724394681,
        "10": 0.7763451483981065,
        "11": 0.6799433166072248,
        "12": 0.682296875138294,
        "13": 0.6956089788807399,
        "14": 0.8321098141062288,
        "15": 0.7189812397243814,
        "2": 0.9291275264179895,
        "3": 0.9443544749228379,
        "4": 0.7393767371524976,
        "5": 0.759192490121114,
        "6": 0.9643502981758723,
        "7": 0.8265728470802753,
        "8": 0.9328172518768618,
        "9": 0.8508631022885165
    },
    "for_which_classes": [
        1,
        11,
        12,
        15,
        2,
        3,
        4,
        6,
        7
    ],
    "min_valid_object_sizes": "None",
    "num_samples": 32,
    "validation_final": "validation_raw_postprocessed",
    "validation_raw": "validation_raw"
}